album,score,themes,release_date,art,persona,ai_image,album_theme,album_summary
Best Day Ever,7.4375,"Confidence, happiness, ambition, positivity, determination,Ambition, success, happiness, determination, lifestyle,Confidence, success, partying, assertiveness, defiance,Hopeful, ambitious, confident, grateful, celebratory,Appreciation, love, gratitude, devotion, family,Empowerment, generosity, flirtation, fun, friendship,Party, fame, carefree, defiance, arrogance,Celebration, party, success, excitement, international,Positive, energetic, carefree, hedonistic, confident,Positive, confidence, gratitude, success, friendship, contentment,Confidence, swagger, one-night, shallow, bold,Energetic, confident, optimistic, determined, rebellious,Optimism, resilience, growth, family, success,Confidence, success, materialism, ambition, nostalgia,Freedom, unity, contentment, defiance, camaraderie,Hopeful, confident, determined, grateful, joyful",2011-03-11,https://images.genius.com/2fe62acfc7f77faa428fcda2d809eb31.1000x1000x1.png,https://oaidalleapiprodscus.blob.core.windows.net/private/org-OLjwp2QhghO2cRya7c7VUdDJ/user-7brGJeEorzc2nxPCBbVx2Aq9/img-iC09CJltYDkM1Jg0YHKeG7yo.png?st=2024-03-09T18%3A02%3A45Z&se=2024-03-09T20%3A02%3A45Z&sp=r&sv=2021-08-06&sr=b&rscd=inline&rsct=image/png&skoid=6aaadede-4fb3-4698-a8f6-684d7786b067&sktid=a48cca56-e6da-484e-a814-9c849652bcb3&skt=2024-03-08T20%3A38%3A46Z&ske=2024-03-09T20%3A38%3A46Z&sks=b&skv=2021-08-06&sig=bRgHTrAyTRRZM4eZ4iNOJIsZtUY70aGNRYHyFsb2FYE%3D,https://oaidalleapiprodscus.blob.core.windows.net/private/org-OLjwp2QhghO2cRya7c7VUdDJ/user-7brGJeEorzc2nxPCBbVx2Aq9/img-ArJa0IpwDUUEzDuMiI2xD7tY.png?st=2024-03-09T18%3A06%3A33Z&se=2024-03-09T20%3A06%3A33Z&sp=r&sv=2021-08-06&sr=b&rscd=inline&rsct=image/png&skoid=6aaadede-4fb3-4698-a8f6-684d7786b067&sktid=a48cca56-e6da-484e-a814-9c849652bcb3&skt=2024-03-09T18%3A22%3A09Z&ske=2024-03-10T18%3A22%3A09Z&sks=b&skv=2021-08-06&sig=L6PzoLzZi7NvnobN6PzbCcQjvouC16bB8e0gmRzaw2M%3D,"Confidence, happiness, ambition, determination, success.",The ideal place to listen to this record would be: At a rooftop party overlooking the city.
Blue Slide Park,6.633333333333334,"Nostalgia, longing, determination, resilience, comfort,Money, fame, confidence, lifestyle, defiance,Celebration, camaraderie, enjoyment, defiance, confidence,Reflection, gratitude, determination, camaraderie, authenticity,Determination, confidence, ambition, success, loyalty,Defiant, confident, victorious, empowered, assertive,Hope, resilience, motivation, determination, skepticism,Reflection, struggles, defiance, growth, confidence,Confidence, Success, Boastful, Loyalty, Party,Revelry, liberation, hedonism, defiance, camaraderie,Confidence, humor, nostalgia, defiance, relaxation,Confident, empowering, independent, overcoming, self-assured,Heartbreak, separation, realization, resentment, reflection,Joy, celebration, confidence, youth, defiance,Motivation, ambition, perseverance, success, nostalgia",2011-11-08,https://images.genius.com/97d750821fcc8f36626612d0b3c16ba0.1000x1000x1.png,https://oaidalleapiprodscus.blob.core.windows.net/private/org-OLjwp2QhghO2cRya7c7VUdDJ/user-7brGJeEorzc2nxPCBbVx2Aq9/img-y9voKgWxn8EALfUmVqz3Jlmn.png?st=2024-03-09T18%3A03%3A02Z&se=2024-03-09T20%3A03%3A02Z&sp=r&sv=2021-08-06&sr=b&rscd=inline&rsct=image/png&skoid=6aaadede-4fb3-4698-a8f6-684d7786b067&sktid=a48cca56-e6da-484e-a814-9c849652bcb3&skt=2024-03-09T18%3A21%3A32Z&ske=2024-03-10T18%3A21%3A32Z&sks=b&skv=2021-08-06&sig=bY4bX0m6hVN48V9o75cW8U6vfzLRixbc%2BfThTj8tyZE%3D,https://oaidalleapiprodscus.blob.core.windows.net/private/org-OLjwp2QhghO2cRya7c7VUdDJ/user-7brGJeEorzc2nxPCBbVx2Aq9/img-Putkl9Nse12j3obPtIti5tcS.png?st=2024-03-09T18%3A06%3A45Z&se=2024-03-09T20%3A06%3A45Z&sp=r&sv=2021-08-06&sr=b&rscd=inline&rsct=image/png&skoid=6aaadede-4fb3-4698-a8f6-684d7786b067&sktid=a48cca56-e6da-484e-a814-9c849652bcb3&skt=2024-03-09T18%3A19%3A36Z&ske=2024-03-10T18%3A19%3A36Z&sks=b&skv=2021-08-06&sig=r0B6aAJ9JG3BzhGWF0Ovo0nnW1Fr9jSYBAG6dEKOJKw%3D,"Nostalgia, defiance, camaraderie, confidence, determination.",The ideal place to listen to this record would be: Driving along a coastal highway at sunset.
Circles,6.833333333333333,"confusion, introspection, reassurance, acceptance, time,Contemplative, longing, conflicted, youthful, hope., contemplative, longing, conflicted, youthful, hope,Struggle, resilience, hope, defiance, companionship, ,Frustration, exhaustion, self-reflection, hope, acceptance,Hopeful, reflective, introspective, yearning, determined,Joy, love, appreciation, perseverance, music,Melancholic, longing, reflective, hopeful, introspective,Positive, Gratitude, Reflection, Support, Persistence, Growth,Guilt, self-reflection, support, acceptance, positivity,Confidence, introspection, motivation, defiance, resilience,Hopeful, introspective, yearning, optimistic, determined,Contemplative, introspective, longing, frustrated, hopeful",2020-01-17,https://images.genius.com/f5528ff2f79b8c9aaf79f41beaea2379.1000x1000x1.jpg,https://oaidalleapiprodscus.blob.core.windows.net/private/org-OLjwp2QhghO2cRya7c7VUdDJ/user-7brGJeEorzc2nxPCBbVx2Aq9/img-hxtyUcXheuOG9dlsZc9nPI5V.png?st=2024-03-09T18%3A03%3A22Z&se=2024-03-09T20%3A03%3A22Z&sp=r&sv=2021-08-06&sr=b&rscd=inline&rsct=image/png&skoid=6aaadede-4fb3-4698-a8f6-684d7786b067&sktid=a48cca56-e6da-484e-a814-9c849652bcb3&skt=2024-03-09T18%3A15%3A32Z&ske=2024-03-10T18%3A15%3A32Z&sks=b&skv=2021-08-06&sig=wEvY3TMQhK8smSBtx7lvH6If84iRXn2UXdO1goK%2BBHc%3D,https://oaidalleapiprodscus.blob.core.windows.net/private/org-OLjwp2QhghO2cRya7c7VUdDJ/user-7brGJeEorzc2nxPCBbVx2Aq9/img-WALZuBZJRya179Uo8gfxsIrr.png?st=2024-03-09T18%3A07%3A10Z&se=2024-03-09T20%3A07%3A10Z&sp=r&sv=2021-08-06&sr=b&rscd=inline&rsct=image/png&skoid=6aaadede-4fb3-4698-a8f6-684d7786b067&sktid=a48cca56-e6da-484e-a814-9c849652bcb3&skt=2024-03-09T06%3A17%3A36Z&ske=2024-03-10T06%3A17%3A36Z&sks=b&skv=2021-08-06&sig=KSCyVrTYkTvmN906BKac4Am3CdhZU9EDAQZRoGx3TvQ%3D,"introspection, hope, acceptance, resilience, reflection",The ideal place to listen to this record would be: while driving along a coastal highway at sunset.
Delusional Thomas,3.5,"Dark, sinister, rebellious, provocative, intense,Dark, twisted, disturbed, violent, despair,Dark, Intense, Menacing, Confident, Controversial,Angst, defiance, introspection, detachment, aggression,Dark, violent, sinister, rebellious, intense, nihilistic,rebellion, defiance, mixed, rebellion, nonchalance,Dark, conflicted, introspective, sinister, desperation,Dark, contemplative, defiance, recklessness, introspective,Ambition, confidence, defiance, swagger, provocation,Confusion, disillusionment, defiance, detachment, introspection",2013-10-31,https://images.genius.com/a95f95f6dd277de1c135aa0ea68890ca.1000x1000x1.jpg,https://oaidalleapiprodscus.blob.core.windows.net/private/org-OLjwp2QhghO2cRya7c7VUdDJ/user-7brGJeEorzc2nxPCBbVx2Aq9/img-AgCDuOkZzmntgFYemeZE3nZ7.png?st=2024-03-09T18%3A03%3A40Z&se=2024-03-09T20%3A03%3A40Z&sp=r&sv=2021-08-06&sr=b&rscd=inline&rsct=image/png&skoid=6aaadede-4fb3-4698-a8f6-684d7786b067&sktid=a48cca56-e6da-484e-a814-9c849652bcb3&skt=2024-03-09T18%3A28%3A04Z&ske=2024-03-10T18%3A28%3A04Z&sks=b&skv=2021-08-06&sig=0dpEssXZJjrJoxNAku9KxJbAusoDRkNyrqNAfiMYEGc%3D,https://oaidalleapiprodscus.blob.core.windows.net/private/org-OLjwp2QhghO2cRya7c7VUdDJ/user-7brGJeEorzc2nxPCBbVx2Aq9/img-KRIEhGLMyTdvD7UedoPSvUFP.png?st=2024-03-09T18%3A07%3A34Z&se=2024-03-09T20%3A07%3A34Z&sp=r&sv=2021-08-06&sr=b&rscd=inline&rsct=image/png&skoid=6aaadede-4fb3-4698-a8f6-684d7786b067&sktid=a48cca56-e6da-484e-a814-9c849652bcb3&skt=2024-03-09T18%3A27%3A27Z&ske=2024-03-10T18%3A27%3A27Z&sks=b&skv=2021-08-06&sig=tepcqCrj/DVIIEdWTC2c46CvNi%2BSZrzIrjQI/c8PLcI%3D,"Dark, rebellious, intense, sinister, defiance",The ideal place to listen to this record would be: in a dimly lit room with headphones on.
Faces,4.652173913043479,"surreal, introspective, defiant, contemplative, confident,Defiance, struggle, perseverance, success, introspection,Introspective, lonely, resilient, nostalgic, defiant,Desperation, confusion, self-destructive, escapism, caution,Negative, rebellious, chaotic, conflicted, contemplative, defiant,Ambitious, rebellious, contemplative, provocative, defiant,Negative, disillusionment, emptiness, regret, defiance,Positive, confident, introspective, carefree, dreamy,dark, anger, drugs, frustration, violence,Alienation, apathy, introspection, disillusionment, celebration,Complicated, love, regret, conflict, admiration, vulnerability,introspective, regret, despair, reflection, acceptance,Dark, introspective, rebellious, defiant, sorrowful,Darkness, struggle, resilience, surrealism, determination,Dark, chaotic, disillusioned, provocative, conflicted.,Introspective, struggle, surrender, freedom, reflection,Confidence, defiance, success, aggression, independence,Rebellion, confidence, defiance, nonchalance, introspection,Dark, Desperate, Reflective, Regretful, Hopeful,Nostalgia, introspection, resilience, determination, creativity,Anger, defiance, disrespect, rebellion, explicitness,Despair, struggle, substance, introspection, defiance,Dark, conflicted, contemplative, resigned, defiant",2014-05-11,https://images.genius.com/6476e95bec5c6ed1b91e902690b816aa.999x999x1.jpg,https://oaidalleapiprodscus.blob.core.windows.net/private/org-OLjwp2QhghO2cRya7c7VUdDJ/user-7brGJeEorzc2nxPCBbVx2Aq9/img-QEwqEZFMIaboDx7huBvlNBEC.png?st=2024-03-09T18%3A03%3A59Z&se=2024-03-09T20%3A03%3A59Z&sp=r&sv=2021-08-06&sr=b&rscd=inline&rsct=image/png&skoid=6aaadede-4fb3-4698-a8f6-684d7786b067&sktid=a48cca56-e6da-484e-a814-9c849652bcb3&skt=2024-03-09T18%3A17%3A14Z&ske=2024-03-10T18%3A17%3A14Z&sks=b&skv=2021-08-06&sig=%2BVz1RhZzXIsQBuIZFJqBHr3PiZCI7RcUV0Q7QeYfQOk%3D,https://oaidalleapiprodscus.blob.core.windows.net/private/org-OLjwp2QhghO2cRya7c7VUdDJ/user-7brGJeEorzc2nxPCBbVx2Aq9/img-ep4g5QhEL3t1pxKZvvyr3nmE.png?st=2024-03-09T18%3A07%3A49Z&se=2024-03-09T20%3A07%3A49Z&sp=r&sv=2021-08-06&sr=b&rscd=inline&rsct=image/png&skoid=6aaadede-4fb3-4698-a8f6-684d7786b067&sktid=a48cca56-e6da-484e-a814-9c849652bcb3&skt=2024-03-09T18%3A17%3A32Z&ske=2024-03-10T18%3A17%3A32Z&sks=b&skv=2021-08-06&sig=OnoclcZBcuR12oyHASa55erVer83rOKHsiKLb2Gmb5s%3D,"surreal, introspective, defiant, contemplative, confident",The ideal place to listen to this record would be: In a dimly lit room late at night with headphones on.
GO:OD AM ,6.411764705882353,"Reflective, growth, reassurance, return, presence,Struggle, defiance, materialism, isolation, introspection,Ambivalence, growth, independence, disillusionment, resilience,Resilience, ambition, reflection, determination, fun,Ambition, success, confidence, nostalgia, luxury,Hopeful, grateful, reflective, energetic, determined,Reflective, resilience, partying, loneliness, escapism,Struggle, perseverance, defiance, success, confidence, combined,Rebellion, resentment, aspiration, defiance, frustration,Rebellion, defiance, success, swagger, indulgence,Dark, regret, addiction, struggle, hopelessness,Confidence, success, bravado, assertiveness, defiance, wealth,Passionate, yearning, devotion, love, heartache,Ambition, success, wealth, confidence, extravagance, defiance,Struggle, introspection, uncertainty, conflict, longing,Triumph, reflection, ambition, defiance, independence,hope, introspection, redemption, admiration, pride",2015-09-18,https://images.genius.com/746e405c806b6a1623ed8d6cc9761cd9.1000x1000x1.png,https://oaidalleapiprodscus.blob.core.windows.net/private/org-OLjwp2QhghO2cRya7c7VUdDJ/user-7brGJeEorzc2nxPCBbVx2Aq9/img-ZLbfyqBAgZkzFZLvuZQlypQN.png?st=2024-03-09T18%3A04%3A22Z&se=2024-03-09T20%3A04%3A22Z&sp=r&sv=2021-08-06&sr=b&rscd=inline&rsct=image/png&skoid=6aaadede-4fb3-4698-a8f6-684d7786b067&sktid=a48cca56-e6da-484e-a814-9c849652bcb3&skt=2024-03-09T03%3A16%3A21Z&ske=2024-03-10T03%3A16%3A21Z&sks=b&skv=2021-08-06&sig=OFWMXBA%2B2KBIb/4lcvCtkKGcHtfLYQGQN75GINGLfm4%3D,https://oaidalleapiprodscus.blob.core.windows.net/private/org-OLjwp2QhghO2cRya7c7VUdDJ/user-7brGJeEorzc2nxPCBbVx2Aq9/img-vOOJpBn5PRLoj93bokJ0mXzF.png?st=2024-03-09T18%3A08%3A03Z&se=2024-03-09T20%3A08%3A03Z&sp=r&sv=2021-08-06&sr=b&rscd=inline&rsct=image/png&skoid=6aaadede-4fb3-4698-a8f6-684d7786b067&sktid=a48cca56-e6da-484e-a814-9c849652bcb3&skt=2024-03-09T05%3A26%3A33Z&ske=2024-03-10T05%3A26%3A33Z&sks=b&skv=2021-08-06&sig=VKh7Ihdn7me0IwRdNXR3/YUVpYj1YUo7hjqRZ%2Bhxcyc%3D,"Reflection, growth, resilience, defiance, ambition",The ideal place to listen to this record would be: A quiet park in the early morning.
"I Love Life, Thank You",7.3076923076923075,"Success, confidence, gratitude, fame, celebration,Ambition, determination, confidence, perseverance, defiance,Flaunting, power, indulgence, arrogance, self-assurance,Blissful, dreamy, curious, hopeful, questioning,Longing, regret, hope, resilience, devotion,Swag, success, confidence, ambition, empowerment,Emotion, confidence, rebellion, boastful, defiance, Emotion, confidence, rebellion, boastful, defiance,Determination, struggle, success, reflection, appreciation, family,Nostalgia, reminiscing, family, reunion, fun,Passionate, confident, nostalgic, cool, celebratory,Confidence, appreciation, defiance, gratitude, ambition,Empowerment, positivity, determination, authenticity, unity,Confidence, success, contentment, rivalry, independence",2011-10-14,https://images.genius.com/6b721bd8a750e7b2eb369a365d0b7d0b.1000x1000x1.png,https://oaidalleapiprodscus.blob.core.windows.net/private/org-OLjwp2QhghO2cRya7c7VUdDJ/user-7brGJeEorzc2nxPCBbVx2Aq9/img-sJCqWJy3Id4SLQUQ9xMYbrmH.png?st=2024-03-09T18%3A04%3A38Z&se=2024-03-09T20%3A04%3A38Z&sp=r&sv=2021-08-06&sr=b&rscd=inline&rsct=image/png&skoid=6aaadede-4fb3-4698-a8f6-684d7786b067&sktid=a48cca56-e6da-484e-a814-9c849652bcb3&skt=2024-03-09T18%3A18%3A21Z&ske=2024-03-10T18%3A18%3A21Z&sks=b&skv=2021-08-06&sig=p8S8uJDePgfdHvmgLBPzKyNAsuyw2lGSy9eApZXhqKU%3D,https://oaidalleapiprodscus.blob.core.windows.net/private/org-OLjwp2QhghO2cRya7c7VUdDJ/user-7brGJeEorzc2nxPCBbVx2Aq9/img-e2l3rAZQhpD7Yf5bTDyreA0N.png?st=2024-03-09T18%3A08%3A34Z&se=2024-03-09T20%3A08%3A34Z&sp=r&sv=2021-08-06&sr=b&rscd=inline&rsct=image/png&skoid=6aaadede-4fb3-4698-a8f6-684d7786b067&sktid=a48cca56-e6da-484e-a814-9c849652bcb3&skt=2024-03-09T18%3A16%3A09Z&ske=2024-03-10T18%3A16%3A09Z&sks=b&skv=2021-08-06&sig=7wV2W3ul/xlGMIsjB9fPsW0QN0fSMBz8eLkRhFRai2U%3D,"Achievement, resilience, empowerment, nostalgia, defiance",The ideal place to listen to this record would be: At a glamorous rooftop party overlooking the city.
K.I.D.S.,7.444444444444445,"Passion, determination, positivity, youth, music,Carefree, joyful, relaxed, appreciation, nature,Energetic, boastful, rebellious, confident, carefree,Pride, confidence, success, attitude, luxury,Chill, lazy, content, carefree, defiant,Confidence, desire, deception, love, defiance,Joyful, carefree, luxurious, celebratory, confident,Happy, carefree, nostalgic, reflective, grateful, youthful,Flashy, confident, successful, carefree, hustling,Determination, growth, ambition, confidence, resilience,Carefree, rebellious, optimistic, nostalgic, confident,Carefree, confident, rebellious, energetic, positive,Energetic, vibrant, flashy, confident, charismatic,aspiration, confidence, gratitude, youth, camaraderie, defiance,Affectionate, desire, loyalty, devotion, reassurance,Longing, love, remembrance, pain, resilience,Confidence, self-reflection, success, change, resilience,stylish, confident, carefree, success, rebellious",2010-08-13,https://images.genius.com/a8de6b36ccc06b0e9096884115bfea8c.1000x1000x1.jpg,https://oaidalleapiprodscus.blob.core.windows.net/private/org-OLjwp2QhghO2cRya7c7VUdDJ/user-7brGJeEorzc2nxPCBbVx2Aq9/img-6u9olvTdd7DHYTLbBttUykyu.png?st=2024-03-09T18%3A05%3A01Z&se=2024-03-09T20%3A05%3A01Z&sp=r&sv=2021-08-06&sr=b&rscd=inline&rsct=image/png&skoid=6aaadede-4fb3-4698-a8f6-684d7786b067&sktid=a48cca56-e6da-484e-a814-9c849652bcb3&skt=2024-03-09T18%3A37%3A20Z&ske=2024-03-10T18%3A37%3A20Z&sks=b&skv=2021-08-06&sig=BwBNhMO11vHaTPBS7FcU0igXHR15rJ3pXi5V60lajw8%3D,https://oaidalleapiprodscus.blob.core.windows.net/private/org-OLjwp2QhghO2cRya7c7VUdDJ/user-7brGJeEorzc2nxPCBbVx2Aq9/img-u5GozGTZurHjbItIitjoPdmU.png?st=2024-03-09T18%3A08%3A56Z&se=2024-03-09T20%3A08%3A56Z&sp=r&sv=2021-08-06&sr=b&rscd=inline&rsct=image/png&skoid=6aaadede-4fb3-4698-a8f6-684d7786b067&sktid=a48cca56-e6da-484e-a814-9c849652bcb3&skt=2024-03-09T18%3A25%3A34Z&ske=2024-03-10T18%3A25%3A34Z&sks=b&skv=2021-08-06&sig=%2BRFQclIiu/ZzpozeMyFoXClCbXKYt13hO9YlgAuPdz4%3D,"Passion, positivity, youth, music, carefree.",The ideal place to listen to this record would be: A summer beach bonfire with friends.
Macadelic,6.411764705882353,"Mysterious, longing, connection, gender, love,Struggle, defiance, ambition, pride, aggression,Rebellious, defiant, confident, carefree, hedonistic,nostalgia, ambition, reflection, uncertainty, defiance,Struggle, reflection, hedonism, confidence, longing, ranging, confidence, and,Dreamy, euphoric, surreal, confused, reflective.,Reflection, empowerment, nostalgia, resilience, longing,Hedonism, indulgence, intoxication, satisfaction, defiance,Pain, love, confusion, drugs, hope,Thoughtful, introspective, reflective, hopeful, self-aware,confident, extravagant, boastful, rebellious, confrontational,Reflective, introspective, conflicted, hopeful, defiant,Longing, comfort, reassurance, love, hope,Ambition, Confidence, Success, Resilience, Contentment, ,Grateful, loving, reflective, hopeful, longing,Complex, resilient, defiant, energetic, rebellious,Emotions, uncertainty, perseverance, reflection, empowerment",2012-03-23,https://images.genius.com/9f3e31668f35e32bd3eddb95e203e518.1000x1000x1.png,https://oaidalleapiprodscus.blob.core.windows.net/private/org-OLjwp2QhghO2cRya7c7VUdDJ/user-7brGJeEorzc2nxPCBbVx2Aq9/img-9Ye47yo5bkwWH9HCw5qd33N3.png?st=2024-03-09T18%3A05%3A12Z&se=2024-03-09T20%3A05%3A12Z&sp=r&sv=2021-08-06&sr=b&rscd=inline&rsct=image/png&skoid=6aaadede-4fb3-4698-a8f6-684d7786b067&sktid=a48cca56-e6da-484e-a814-9c849652bcb3&skt=2024-03-09T18%3A19%3A46Z&ske=2024-03-10T18%3A19%3A46Z&sks=b&skv=2021-08-06&sig=m3pchYzv4zkTb5DM490pjeZa0UH/ri6cMSbhcbJyegk%3D,https://oaidalleapiprodscus.blob.core.windows.net/private/org-OLjwp2QhghO2cRya7c7VUdDJ/user-7brGJeEorzc2nxPCBbVx2Aq9/img-clGpL6tptimgk5KheRrPmK3m.png?st=2024-03-09T18%3A09%3A12Z&se=2024-03-09T20%3A09%3A12Z&sp=r&sv=2021-08-06&sr=b&rscd=inline&rsct=image/png&skoid=6aaadede-4fb3-4698-a8f6-684d7786b067&sktid=a48cca56-e6da-484e-a814-9c849652bcb3&skt=2024-03-09T18%3A23%3A51Z&ske=2024-03-10T18%3A23%3A51Z&sks=b&skv=2021-08-06&sig=kaQL6KSCZzsqF4UM3v0gkFYsemqEBoG0KrHPGSlUXBI%3D,"Longing, reflection, defiance, ambition, hope.",The ideal place to listen to this record would be: A quiet beach at sunset.
Swimming,6.961538461538462,"melancholy, introspection, struggle, hope, longing,Struggle, growth, perseverance, success, introspection,Empowerment, self-expression, success, resilience, freedom,Positive, resilience, self-reflection, perseverance, love,Confusion, longing, reflection, redemption, acceptance,Empowerment, self-assurance, growth, independence, gratitude,Hopeful, perseverance, struggle, introspection, uncertainty,Struggle, self-reflection, resilience, growth, hope,Confidence, success, motivation, superiority, reflection,freedom, connection, intimacy, reassurance, love,Confidence, resilience, determination, self-assurance, reflection,Peace, redemption, growth, freedom, self-acceptance,Resilience, confidence, perseverance, determination, introspection",2018-08-03,https://images.genius.com/0327e4a856f14b2430e6e1a9333b1f1f.1000x1000x1.jpg,https://oaidalleapiprodscus.blob.core.windows.net/private/org-OLjwp2QhghO2cRya7c7VUdDJ/user-7brGJeEorzc2nxPCBbVx2Aq9/img-LkAZD1Qigge7Pb9imK8g8qyE.png?st=2024-03-09T18%3A05%3A24Z&se=2024-03-09T20%3A05%3A24Z&sp=r&sv=2021-08-06&sr=b&rscd=inline&rsct=image/png&skoid=6aaadede-4fb3-4698-a8f6-684d7786b067&sktid=a48cca56-e6da-484e-a814-9c849652bcb3&skt=2024-03-09T08%3A40%3A01Z&ske=2024-03-10T08%3A40%3A01Z&sks=b&skv=2021-08-06&sig=%2B7e58pWJi24WS4eaYof9kgVzs0%2BaXip3m48Y5C/jS%2B0%3D,https://oaidalleapiprodscus.blob.core.windows.net/private/org-OLjwp2QhghO2cRya7c7VUdDJ/user-7brGJeEorzc2nxPCBbVx2Aq9/img-Xsjhzlpmpylq5kqjTw8WcClE.png?st=2024-03-09T18%3A09%3A28Z&se=2024-03-09T20%3A09%3A28Z&sp=r&sv=2021-08-06&sr=b&rscd=inline&rsct=image/png&skoid=6aaadede-4fb3-4698-a8f6-684d7786b067&sktid=a48cca56-e6da-484e-a814-9c849652bcb3&skt=2024-03-09T18%3A09%3A21Z&ske=2024-03-10T18%3A09%3A21Z&sks=b&skv=2021-08-06&sig=mpcOGakhk0aMTdp0TJRgf8IUunMMQew006JHjRx%2B4iM%3D,"melancholy, struggle, hope, resilience, empowerment.","The ideal place to listen to this record would be: under a starry sky, on a quiet beach, listening to the waves crash against the shore."
The Divine Feminine,7.1,"Love, nostalgia, commitment, passion, longing,Heartache, frustration, regret, reconciliation, intimacy,Love, longing, intimacy, connection, desire,Sensual, romantic, confident, reflective, appreciative,Seduction, anticipation, infatuation, passion, reassurance,nostalgia, love, honesty, struggle, commitment,Longing, complexity, introspection, yearning, uncertainty,Love, acceptance, vulnerability, growth, unity,Hopeful, supportive, romantic, reassuring, introspective, protective,love, passion, intimacy, trust, devotion",2016-09-16,https://images.genius.com/e04f1e0ca7082148adab02644bd21e40.1000x1000x1.png,https://oaidalleapiprodscus.blob.core.windows.net/private/org-OLjwp2QhghO2cRya7c7VUdDJ/user-7brGJeEorzc2nxPCBbVx2Aq9/img-hen7fegR5biJ0D4RbFGyfbBT.png?st=2024-03-09T18%3A05%3A41Z&se=2024-03-09T20%3A05%3A41Z&sp=r&sv=2021-08-06&sr=b&rscd=inline&rsct=image/png&skoid=6aaadede-4fb3-4698-a8f6-684d7786b067&sktid=a48cca56-e6da-484e-a814-9c849652bcb3&skt=2024-03-09T04%3A58%3A29Z&ske=2024-03-10T04%3A58%3A29Z&sks=b&skv=2021-08-06&sig=S%2BZtsazWzAIFa1cdaN2e1sxNlh9bNAh/8ykUmGN%2BKzM%3D,https://oaidalleapiprodscus.blob.core.windows.net/private/org-OLjwp2QhghO2cRya7c7VUdDJ/user-7brGJeEorzc2nxPCBbVx2Aq9/img-V48Gglwnrr3E7KYvnRTbVRP2.png?st=2024-03-09T18%3A09%3A46Z&se=2024-03-09T20%3A09%3A46Z&sp=r&sv=2021-08-06&sr=b&rscd=inline&rsct=image/png&skoid=6aaadede-4fb3-4698-a8f6-684d7786b067&sktid=a48cca56-e6da-484e-a814-9c849652bcb3&skt=2024-03-09T13%3A44%3A59Z&ske=2024-03-10T13%3A44%3A59Z&sks=b&skv=2021-08-06&sig=6fuQ6xgVipgukcnBcdYveQrsdvSzJuB074sVjpSrR/o%3D,"Love, longing, intimacy, passion, commitment",The ideal place to listen to this record would be: During a long drive on a scenic route.
Watching Movies with the Sound Off,6.2105263157894735,"introspection, struggles, growth, reflection, spirituality,Playful, rebellious, reflective, carefree, humorous,struggles, introspection, resilience, defiance, determination,introspective, defiant, revolutionary, contemplative, erratic,Rebellion, indulgence, defiance, desire, nonchalance,Struggle, growth, ambition, nostalgia, defiance,Conflict, introspection, empowerment, uncertainty, appreciation,Longing, hope, love, reflection, comfort,Intense, rebellious, introspective, confident, confrontational,Rebellion, defiance, confidence, extravagance, aggression,Empowerment, success, confidence, ambition, defiance, glamour,darkness, introspection, empowerment, defiance, appreciation,Nostalgia, grief, growth, friendship, reminiscing,Melancholy, loneliness, despair, addiction, yearning, Melancholy, despair, addiction, yearning, loneliness,Reflection, introspection, longing, curiosity, uncertainty,Joy, love, happiness, contentment, devotion,Bold, confident, self-indulgent, hedonistic, provocative,Energetic, confident, rebellious, humorous, carefree,Defiance, confidence, introspection, resilience, ambition",2013-06-18,https://images.genius.com/a3c35951e6e5812aca6c91bc1bd7dfa4.1000x1000x1.png,https://oaidalleapiprodscus.blob.core.windows.net/private/org-OLjwp2QhghO2cRya7c7VUdDJ/user-7brGJeEorzc2nxPCBbVx2Aq9/img-ZR4OLRYmgkoE3oAn4vpvPByU.png?st=2024-03-09T18%3A05%3A56Z&se=2024-03-09T20%3A05%3A56Z&sp=r&sv=2021-08-06&sr=b&rscd=inline&rsct=image/png&skoid=6aaadede-4fb3-4698-a8f6-684d7786b067&sktid=a48cca56-e6da-484e-a814-9c849652bcb3&skt=2024-03-09T18%3A53%3A08Z&ske=2024-03-10T18%3A53%3A08Z&sks=b&skv=2021-08-06&sig=XYuFfZfYwf/cwWCbt3wlq6PH0prYQ5h/o6KA7oOI9bg%3D,https://oaidalleapiprodscus.blob.core.windows.net/private/org-OLjwp2QhghO2cRya7c7VUdDJ/user-7brGJeEorzc2nxPCBbVx2Aq9/img-vJmBGsnc1xIVdZiqFCQZDsih.png?st=2024-03-09T18%3A10%3A02Z&se=2024-03-09T20%3A10%3A02Z&sp=r&sv=2021-08-06&sr=b&rscd=inline&rsct=image/png&skoid=6aaadede-4fb3-4698-a8f6-684d7786b067&sktid=a48cca56-e6da-484e-a814-9c849652bcb3&skt=2024-03-09T18%3A19%3A37Z&ske=2024-03-10T18%3A19%3A37Z&sks=b&skv=2021-08-06&sig=7oftR0sAQglHZxHXVK5Bk8fEh2KmMSu6YtgNP0xa0Wo%3D,"introspection, struggles, growth, reflection, spirituality",The ideal place to listen to this record would be: On a long solo hike in the mountains.
You,7.25,"Romantic, affectionate, devoted, passionate, admiring,Love, devotion, dedication, happiness, passion,love, confusion, longing, uncertainty, distance,Love, admiration, yearning, hope, devotion, heartbreak",2012-11-21,https://images.genius.com/f27c30854fc467038d648eb89f112102.1000x1000x1.png,https://oaidalleapiprodscus.blob.core.windows.net/private/org-OLjwp2QhghO2cRya7c7VUdDJ/user-7brGJeEorzc2nxPCBbVx2Aq9/img-XxLI0ZLqJVQvjxfC1fS23Tw1.png?st=2024-03-09T18%3A06%3A18Z&se=2024-03-09T20%3A06%3A18Z&sp=r&sv=2021-08-06&sr=b&rscd=inline&rsct=image/png&skoid=6aaadede-4fb3-4698-a8f6-684d7786b067&sktid=a48cca56-e6da-484e-a814-9c849652bcb3&skt=2024-03-09T18%3A31%3A57Z&ske=2024-03-10T18%3A31%3A57Z&sks=b&skv=2021-08-06&sig=b%2BPe5PE3ZWfhV%2BClSgm2gxnjRiZRR1JlpqfORmLtBpI%3D,https://oaidalleapiprodscus.blob.core.windows.net/private/org-OLjwp2QhghO2cRya7c7VUdDJ/user-7brGJeEorzc2nxPCBbVx2Aq9/img-3UvlWOyoMpPZzQtnb2pQhpOW.png?st=2024-03-09T18%3A10%3A20Z&se=2024-03-09T20%3A10%3A20Z&sp=r&sv=2021-08-06&sr=b&rscd=inline&rsct=image/png&skoid=6aaadede-4fb3-4698-a8f6-684d7786b067&sktid=a48cca56-e6da-484e-a814-9c849652bcb3&skt=2024-03-09T02%3A08%3A59Z&ske=2024-03-10T02%3A08%3A59Z&sks=b&skv=2021-08-06&sig=axjXB3VIw%2BYBmtp9biS7w6q0hpd69t4djRyuPwHWmZ0%3D,"Romantic, devotion, passion, admiration, heartbreak",The ideal place to listen to this record would be: A cozy cabin nestled in the mountains with a crackling fire and a view of the stars.
